categoria,hook,caracteres
Curiosidad extrema,¿Por qué nadie te mostró esto?,30
Curiosidad extrema,El detalle que casi todos pasan por alto,40
Curiosidad extrema,Esto cambia cómo usas esto,26
Curiosidad extrema,La prueba que no esperaba ver,29
Curiosidad extrema,Mira qué ocurre al final,24
Curiosidad extrema,El truco oculto detrás de esto,30
Curiosidad extrema,¿Qué hay dentro de esto?,24
Curiosidad extrema,La parte más rara de esto,25
Curiosidad extrema,Un gesto y sucede esto,22
Curiosidad extrema,No es lo que parece,19
Curiosidad extrema,El antes y después sorprende,28
Curiosidad extrema,Esto resuelve un problema pequeño,33
Curiosidad extrema,La función que no aparece primero,33
Curiosidad extrema,¿También te pasa esto?,22
Curiosidad extrema,La forma más simple de probarlo,31
Curiosidad extrema,El cambio se nota en segundos,29
Curiosidad extrema,El secreto está en el detalle,29
Curiosidad extrema,Nadie me explicó esta parte,27
Curiosidad extrema,Prueba este ángulo,18
Curiosidad extrema,Esto parece imposible al principio,34
Curiosidad extrema,Mira — ¿por qué nadie te mostró esto?,37
Curiosidad extrema,Observa — ¿por qué nadie te mostró esto?,40
Curiosidad extrema,Descubre — ¿por qué nadie te mostró esto?,41
Curiosidad extrema,Comprueba — ¿por qué nadie te mostró esto?,42
Curiosidad extrema,Fíjate en — ¿por qué nadie te mostró esto?,42
Curiosidad extrema,Ve — ¿por qué nadie te mostró esto?,35
Curiosidad extrema,Pon a prueba — ¿por qué nadie te mostró esto?,45
Curiosidad extrema,Nota — ¿por qué nadie te mostró esto?,37
Curiosidad extrema,Revisa — ¿por qué nadie te mostró esto?,39
Curiosidad extrema,Detecta — ¿por qué nadie te mostró esto?,40
Curiosidad extrema,Explora — ¿por qué nadie te mostró esto?,40
Curiosidad extrema,Prueba — ¿por qué nadie te mostró esto?,39
Curiosidad extrema,Espera — ¿por qué nadie te mostró esto?,39
Curiosidad extrema,Compara — ¿por qué nadie te mostró esto?,40
Curiosidad extrema,Juzga — ¿por qué nadie te mostró esto?,38
Curiosidad extrema,Mira — el detalle que casi todos pasan por alto,47
Curiosidad extrema,Observa — el detalle que casi todos pasan por alto,50
Curiosidad extrema,Ve — el detalle que casi todos pasan por alto,45
Curiosidad extrema,Nota — el detalle que casi todos pasan por alto,47
Curiosidad extrema,Revisa — el detalle que casi todos pasan por alto,49
Curiosidad extrema,Detecta — el detalle que casi todos pasan por alto,50
Curiosidad extrema,Explora — el detalle que casi todos pasan por alto,50
Curiosidad extrema,Prueba — el detalle que casi todos pasan por alto,49
Curiosidad extrema,Espera — el detalle que casi todos pasan por alto,49
Curiosidad extrema,Compara — el detalle que casi todos pasan por alto,50
Curiosidad extrema,Juzga — el detalle que casi todos pasan por alto,48
Curiosidad extrema,Mira — no es lo que parece,26
Curiosidad extrema,Observa — no es lo que parece,29
Curiosidad extrema,Descubre — no es lo que parece,30
Curiosidad extrema,Comprueba — no es lo que parece,31
Curiosidad extrema,Fíjate en — no es lo que parece,31
Curiosidad extrema,Ve — no es lo que parece,24
Curiosidad extrema,Pon a prueba — no es lo que parece,34
Curiosidad extrema,Nota — no es lo que parece,26
Curiosidad extrema,Revisa — no es lo que parece,28
Curiosidad extrema,Detecta — no es lo que parece,29
Curiosidad extrema,Explora — no es lo que parece,29
Curiosidad extrema,Prueba — no es lo que parece,28
Curiosidad extrema,Espera — no es lo que parece,28
Curiosidad extrema,Compara — no es lo que parece,29
Curiosidad extrema,Juzga — no es lo que parece,27
Curiosidad extrema,Mira — mira qué ocurre al final,31
Curiosidad extrema,Observa — mira qué ocurre al final,34
Curiosidad extrema,Descubre — mira qué ocurre al final,35
Curiosidad extrema,Comprueba — mira qué ocurre al final,36
Curiosidad extrema,Fíjate en — mira qué ocurre al final,36
Curiosidad extrema,Ve — mira qué ocurre al final,29
Curiosidad extrema,Pon a prueba — mira qué ocurre al final,39
Curiosidad extrema,Nota — mira qué ocurre al final,31
Curiosidad extrema,Revisa — mira qué ocurre al final,33
Curiosidad extrema,Detecta — mira qué ocurre al final,34
Curiosidad extrema,Explora — mira qué ocurre al final,34
Curiosidad extrema,Prueba — mira qué ocurre al final,33
Curiosidad extrema,Espera — mira qué ocurre al final,33
Curiosidad extrema,Compara — mira qué ocurre al final,34
Urgencia / escasez veraz,Últimas unidades confirmadas hoy,32
Urgencia / escasez veraz,Oferta activa hasta agotar stock,32
Urgencia / escasez veraz,Quedan pocas piezas en almacén,30
Urgencia / escasez veraz,Precio válido por tiempo limitado,33
Urgencia / escasez veraz,La promo termina esta noche,27
Urgencia / escasez veraz,Disponible mientras dure la campaña,35
Urgencia / escasez veraz,Último lote con este precio,27
Urgencia / escasez veraz,Stock reducido: revisa disponibilidad,37
Urgencia / escasez veraz,El descuento puede terminar hoy,31
Urgencia / escasez veraz,Quedan unidades del lote actual,31
Urgencia / escasez veraz,La ventana de oferta es corta,29
Urgencia / escasez veraz,Compra antes del cierre de oferta,33
Urgencia / escasez veraz,Precio especial del lote actual,31
Urgencia / escasez veraz,La disponibilidad cambia rápido,31
Urgencia / escasez veraz,Revisa el stock antes de decidir,32
Urgencia / escasez veraz,"Oferta limitada, sin promesas falsas",36
Urgencia / escasez veraz,Solo durante esta campaña,25
Urgencia / escasez veraz,El lote actual está por terminar,32
Urgencia / escasez veraz,La promoción tiene fecha de cierre,34
Urgencia / escasez veraz,Mira si aún queda disponibilidad,32
Urgencia / escasez veraz,Mira — últimas unidades confirmadas hoy,39
Urgencia / escasez veraz,Observa — últimas unidades confirmadas hoy,42
Urgencia / escasez veraz,Descubre — últimas unidades confirmadas hoy,43
Urgencia / escasez veraz,Comprueba — últimas unidades confirmadas hoy,44
Urgencia / escasez veraz,Fíjate en — últimas unidades confirmadas hoy,44
Urgencia / escasez veraz,Ve — últimas unidades confirmadas hoy,37
Urgencia / escasez veraz,Pon a prueba — últimas unidades confirmadas hoy,47
Urgencia / escasez veraz,Nota — últimas unidades confirmadas hoy,39
Urgencia / escasez veraz,Revisa — últimas unidades confirmadas hoy,41
Urgencia / escasez veraz,Detecta — últimas unidades confirmadas hoy,42
Urgencia / escasez veraz,Explora — últimas unidades confirmadas hoy,42
Urgencia / escasez veraz,Prueba — últimas unidades confirmadas hoy,41
Urgencia / escasez veraz,Espera — últimas unidades confirmadas hoy,41
Urgencia / escasez veraz,Compara — últimas unidades confirmadas hoy,42
Urgencia / escasez veraz,Juzga — últimas unidades confirmadas hoy,40
Urgencia / escasez veraz,Mira — oferta activa hasta agotar stock,39
Urgencia / escasez veraz,Observa — oferta activa hasta agotar stock,42
Urgencia / escasez veraz,Descubre — oferta activa hasta agotar stock,43
Urgencia / escasez veraz,Comprueba — oferta activa hasta agotar stock,44
Urgencia / escasez veraz,Fíjate en — oferta activa hasta agotar stock,44
Urgencia / escasez veraz,Ve — oferta activa hasta agotar stock,37
Urgencia / escasez veraz,Pon a prueba — oferta activa hasta agotar stock,47
Urgencia / escasez veraz,Nota — oferta activa hasta agotar stock,39
Urgencia / escasez veraz,Revisa — oferta activa hasta agotar stock,41
Urgencia / escasez veraz,Detecta — oferta activa hasta agotar stock,42
Urgencia / escasez veraz,Explora — oferta activa hasta agotar stock,42
Urgencia / escasez veraz,Prueba — oferta activa hasta agotar stock,41
Urgencia / escasez veraz,Espera — oferta activa hasta agotar stock,41
Urgencia / escasez veraz,Compara — oferta activa hasta agotar stock,42
Urgencia / escasez veraz,Juzga — oferta activa hasta agotar stock,40
Urgencia / escasez veraz,Mira — precio válido por tiempo limitado,40
Urgencia / escasez veraz,Observa — precio válido por tiempo limitado,43
Urgencia / escasez veraz,Descubre — precio válido por tiempo limitado,44
Urgencia / escasez veraz,Comprueba — precio válido por tiempo limitado,45
Urgencia / escasez veraz,Fíjate en — precio válido por tiempo limitado,45
Urgencia / escasez veraz,Ve — precio válido por tiempo limitado,38
Urgencia / escasez veraz,Pon a prueba — precio válido por tiempo limitado,48
Urgencia / escasez veraz,Nota — precio válido por tiempo limitado,40
Urgencia / escasez veraz,Revisa — precio válido por tiempo limitado,42
Urgencia / escasez veraz,Detecta — precio válido por tiempo limitado,43
Urgencia / escasez veraz,Explora — precio válido por tiempo limitado,43
Urgencia / escasez veraz,Prueba — precio válido por tiempo limitado,42
Urgencia / escasez veraz,Espera — precio válido por tiempo limitado,42
Urgencia / escasez veraz,Compara — precio válido por tiempo limitado,43
Urgencia / escasez veraz,Juzga — precio válido por tiempo limitado,41
Urgencia / escasez veraz,Mira — la promo termina esta noche,34
Urgencia / escasez veraz,Observa — la promo termina esta noche,37
Urgencia / escasez veraz,Descubre — la promo termina esta noche,38
Urgencia / escasez veraz,Comprueba — la promo termina esta noche,39
Urgencia / escasez veraz,Fíjate en — la promo termina esta noche,39
Urgencia / escasez veraz,Ve — la promo termina esta noche,32
Urgencia / escasez veraz,Pon a prueba — la promo termina esta noche,42
Urgencia / escasez veraz,Nota — la promo termina esta noche,34
Urgencia / escasez veraz,Revisa — la promo termina esta noche,36
Urgencia / escasez veraz,Detecta — la promo termina esta noche,37
Prueba social cruda / contraintuitiva,La reacción que nadie esperaba,30
Prueba social cruda / contraintuitiva,Todos miran esta parte primero,30
Prueba social cruda / contraintuitiva,Lo probaron y pasó esto,23
Prueba social cruda / contraintuitiva,La mayoría eligió esta opción,29
Prueba social cruda / contraintuitiva,No ganó por la razón obvia,26
Prueba social cruda / contraintuitiva,La prueba dividió opiniones,27
Prueba social cruda / contraintuitiva,Lo sencillo fue lo más popular,30
Prueba social cruda / contraintuitiva,La reacción cambió al segundo intento,37
Prueba social cruda / contraintuitiva,Esto hizo que volvieran a mirar,31
Prueba social cruda / contraintuitiva,Lo que más comentaron fue esto,30
Prueba social cruda / contraintuitiva,La opción pequeña ganó,22
Prueba social cruda / contraintuitiva,Nadie apostaba por este resultado,33
Prueba social cruda / contraintuitiva,"La prueba real, sin discurso",28
Prueba social cruda / contraintuitiva,Mira la reacción completa,25
Prueba social cruda / contraintuitiva,Lo que eligieron sorprendió,27
Prueba social cruda / contraintuitiva,La diferencia se ve al instante,31
Prueba social cruda / contraintuitiva,El resultado no fue el esperado,31
Prueba social cruda / contraintuitiva,Esto provocó dos opiniones,26
Prueba social cruda / contraintuitiva,La gente notó este detalle,26
Prueba social cruda / contraintuitiva,La prueba habla por sí sola,27
Prueba social cruda / contraintuitiva,Mira — la reacción que nadie esperaba,37
Prueba social cruda / contraintuitiva,Observa — la reacción que nadie esperaba,40
Prueba social cruda / contraintuitiva,Descubre — la reacción que nadie esperaba,41
Prueba social cruda / contraintuitiva,Comprueba — la reacción que nadie esperaba,42
Prueba social cruda / contraintuitiva,Fíjate en — la reacción que nadie esperaba,42
Prueba social cruda / contraintuitiva,Ve — la reacción que nadie esperaba,35
Prueba social cruda / contraintuitiva,Pon a prueba — la reacción que nadie esperaba,45
Prueba social cruda / contraintuitiva,Nota — la reacción que nadie esperaba,37
Prueba social cruda / contraintuitiva,Revisa — la reacción que nadie esperaba,39
Prueba social cruda / contraintuitiva,Detecta — la reacción que nadie esperaba,40
Prueba social cruda / contraintuitiva,Explora — la reacción que nadie esperaba,40
Prueba social cruda / contraintuitiva,Prueba — la reacción que nadie esperaba,39
Prueba social cruda / contraintuitiva,Espera — la reacción que nadie esperaba,39
Prueba social cruda / contraintuitiva,Compara — la reacción que nadie esperaba,40
Prueba social cruda / contraintuitiva,Juzga — la reacción que nadie esperaba,38
Prueba social cruda / contraintuitiva,Mira — lo probaron y pasó esto,30
Prueba social cruda / contraintuitiva,Observa — lo probaron y pasó esto,33
Prueba social cruda / contraintuitiva,Descubre — lo probaron y pasó esto,34
Prueba social cruda / contraintuitiva,Comprueba — lo probaron y pasó esto,35
Prueba social cruda / contraintuitiva,Fíjate en — lo probaron y pasó esto,35
Prueba social cruda / contraintuitiva,Ve — lo probaron y pasó esto,28
Prueba social cruda / contraintuitiva,Pon a prueba — lo probaron y pasó esto,38
Prueba social cruda / contraintuitiva,Nota — lo probaron y pasó esto,30
Prueba social cruda / contraintuitiva,Revisa — lo probaron y pasó esto,32
Prueba social cruda / contraintuitiva,Detecta — lo probaron y pasó esto,33
Prueba social cruda / contraintuitiva,Explora — lo probaron y pasó esto,33
Prueba social cruda / contraintuitiva,Prueba — lo probaron y pasó esto,32
Prueba social cruda / contraintuitiva,Espera — lo probaron y pasó esto,32
Prueba social cruda / contraintuitiva,Compara — lo probaron y pasó esto,33
Prueba social cruda / contraintuitiva,Juzga — lo probaron y pasó esto,31
Prueba social cruda / contraintuitiva,Mira — no ganó por la razón obvia,33
Prueba social cruda / contraintuitiva,Observa — no ganó por la razón obvia,36
Prueba social cruda / contraintuitiva,Descubre — no ganó por la razón obvia,37
Prueba social cruda / contraintuitiva,Comprueba — no ganó por la razón obvia,38
Prueba social cruda / contraintuitiva,Fíjate en — no ganó por la razón obvia,38
Prueba social cruda / contraintuitiva,Ve — no ganó por la razón obvia,31
Prueba social cruda / contraintuitiva,Pon a prueba — no ganó por la razón obvia,41
Prueba social cruda / contraintuitiva,Nota — no ganó por la razón obvia,33
Prueba social cruda / contraintuitiva,Revisa — no ganó por la razón obvia,35
Prueba social cruda / contraintuitiva,Detecta — no ganó por la razón obvia,36
Prueba social cruda / contraintuitiva,Explora — no ganó por la razón obvia,36
Prueba social cruda / contraintuitiva,Prueba — no ganó por la razón obvia,35
Prueba social cruda / contraintuitiva,Espera — no ganó por la razón obvia,35
Prueba social cruda / contraintuitiva,Compara — no ganó por la razón obvia,36
Prueba social cruda / contraintuitiva,Juzga — no ganó por la razón obvia,34
Prueba social cruda / contraintuitiva,"Mira — la prueba real, sin discurso",35
Prueba social cruda / contraintuitiva,"Observa — la prueba real, sin discurso",38
Prueba social cruda / contraintuitiva,"Descubre — la prueba real, sin discurso",39
Prueba social cruda / contraintuitiva,"Comprueba — la prueba real, sin discurso",40
Prueba social cruda / contraintuitiva,"Fíjate en — la prueba real, sin discurso",40
Prueba social cruda / contraintuitiva,"Ve — la prueba real, sin discurso",33
Prueba social cruda / contraintuitiva,"Pon a prueba — la prueba real, sin discurso",43
Prueba social cruda / contraintuitiva,"Nota — la prueba real, sin discurso",35
Prueba social cruda / contraintuitiva,"Revisa — la prueba real, sin discurso",37
Prueba social cruda / contraintuitiva,"Detecta — la prueba real, sin discurso",38
Controversia inocua,¿De verdad hace falta algo más?,31
Controversia inocua,Esto contradice el consejo habitual,35
Controversia inocua,La forma común quizá no es mejor,32
Controversia inocua,No todos están de acuerdo,25
Controversia inocua,¿Lo usarías así?,16
Controversia inocua,El método popular tiene una pega,32
Controversia inocua,Esto divide a quienes lo prueban,32
Controversia inocua,La opción obvia no siempre gana,31
Controversia inocua,¿Práctico o puro diseño?,24
Controversia inocua,Lo que parece inútil sí sirve,29
Controversia inocua,La discusión empieza aquí,25
Controversia inocua,¿Mejor simple o sofisticado?,28
Controversia inocua,Esto cuestiona la forma de hacerlo,34
Controversia inocua,La respuesta depende del detalle,32
Controversia inocua,¿Tendencia o solución real?,27
Controversia inocua,No es para todo el mundo,24
Controversia inocua,La opinión cambia después de verlo,34
Controversia inocua,¿Innovación o truco visual?,27
Controversia inocua,La parte polémica es esta,25
Controversia inocua,Juzga después de la prueba,26
Controversia inocua,Mira — ¿de verdad hace falta algo más?,38
Controversia inocua,Observa — ¿de verdad hace falta algo más?,41
Controversia inocua,Descubre — ¿de verdad hace falta algo más?,42
Controversia inocua,Comprueba — ¿de verdad hace falta algo más?,43
Controversia inocua,Fíjate en — ¿de verdad hace falta algo más?,43
Controversia inocua,Ve — ¿de verdad hace falta algo más?,36
Controversia inocua,Pon a prueba — ¿de verdad hace falta algo más?,46
Controversia inocua,Nota — ¿de verdad hace falta algo más?,38
Controversia inocua,Revisa — ¿de verdad hace falta algo más?,40
Controversia inocua,Detecta — ¿de verdad hace falta algo más?,41
Controversia inocua,Explora — ¿de verdad hace falta algo más?,41
Controversia inocua,Prueba — ¿de verdad hace falta algo más?,40
Controversia inocua,Espera — ¿de verdad hace falta algo más?,40
Controversia inocua,Compara — ¿de verdad hace falta algo más?,41
Controversia inocua,Juzga — ¿de verdad hace falta algo más?,39
Controversia inocua,Mira — la forma común quizá no es mejor,39
Controversia inocua,Observa — la forma común quizá no es mejor,42
Controversia inocua,Descubre — la forma común quizá no es mejor,43
Controversia inocua,Comprueba — la forma común quizá no es mejor,44
Controversia inocua,Fíjate en — la forma común quizá no es mejor,44
Controversia inocua,Ve — la forma común quizá no es mejor,37
Controversia inocua,Pon a prueba — la forma común quizá no es mejor,47
Controversia inocua,Nota — la forma común quizá no es mejor,39
Controversia inocua,Revisa — la forma común quizá no es mejor,41
Controversia inocua,Detecta — la forma común quizá no es mejor,42
Controversia inocua,Explora — la forma común quizá no es mejor,42
Controversia inocua,Prueba — la forma común quizá no es mejor,41
Controversia inocua,Espera — la forma común quizá no es mejor,41
Controversia inocua,Compara — la forma común quizá no es mejor,42
Controversia inocua,Juzga — la forma común quizá no es mejor,40
Controversia inocua,Mira — no todos están de acuerdo,32
Controversia inocua,Observa — no todos están de acuerdo,35
Controversia inocua,Descubre — no todos están de acuerdo,36
Controversia inocua,Comprueba — no todos están de acuerdo,37
Controversia inocua,Fíjate en — no todos están de acuerdo,37
Controversia inocua,Ve — no todos están de acuerdo,30
Controversia inocua,Pon a prueba — no todos están de acuerdo,40
Controversia inocua,Nota — no todos están de acuerdo,32
Controversia inocua,Revisa — no todos están de acuerdo,34
Controversia inocua,Detecta — no todos están de acuerdo,35
Controversia inocua,Explora — no todos están de acuerdo,35
Controversia inocua,Prueba — no todos están de acuerdo,34
Controversia inocua,Espera — no todos están de acuerdo,34
Controversia inocua,Compara — no todos están de acuerdo,35
Controversia inocua,Juzga — no todos están de acuerdo,33
Controversia inocua,Mira — la opción obvia no siempre gana,38
Controversia inocua,Observa — la opción obvia no siempre gana,41
Controversia inocua,Descubre — la opción obvia no siempre gana,42
Controversia inocua,Comprueba — la opción obvia no siempre gana,43
Controversia inocua,Fíjate en — la opción obvia no siempre gana,43
Controversia inocua,Ve — la opción obvia no siempre gana,36
Controversia inocua,Pon a prueba — la opción obvia no siempre gana,46
Controversia inocua,Nota — la opción obvia no siempre gana,38
Controversia inocua,Revisa — la opción obvia no siempre gana,40
Controversia inocua,Detecta — la opción obvia no siempre gana,41
